username,password
test-1,123456
test-2,123456
test-3,123456
test-4,123456
test-5,123456
test-6,123456
test-7,123456
test-8,123456
test-9,123456
test-10,123456
test-11,123456
test-12,123456
test-13,123456
test-14,123456
test-15,123456
test-16,123456
test-17,123456
test-18,123456
test-19,123456
test-20,123456
test-21,123456
test-22,123456
test-23,123456
test-24,123456
test-25,123456
test-26,123456
test-27,123456
test-28,123456
test-29,123456
test-30,123456
test-31,123456
test-32,123456
test-33,123456
test-34,123456
test-35,123456
test-36,123456
test-37,123456
test-38,123456
test-39,123456
test-40,123456
test-41,123456
test-42,123456
test-43,123456
test-44,123456
test-45,123456
test-46,123456
test-47,123456
test-48,123456
test-49,123456
test-50,123456
test-51,123456
test-52,123456
test-53,123456
test-54,123456
test-55,123456
test-56,123456
test-57,123456
test-58,123456
test-59,123456
test-60,123456
test-61,123456
test-62,123456
test-63,123456
test-64,123456
test-65,123456
test-66,123456
test-67,123456
test-68,123456
test-69,123456
test-70,123456
test-71,123456
test-72,123456
test-73,123456
test-74,123456
test-75,123456
test-76,123456
test-77,123456
test-78,123456
test-79,123456
test-80,123456
test-81,123456
test-82,123456
test-83,123456
test-84,123456
test-85,123456
test-86,123456
test-87,123456
test-88,123456
test-89,123456
test-90,123456
test-91,123456
test-92,123456
test-93,123456
test-94,123456
test-95,123456
test-96,123456
test-97,123456
test-98,123456
test-99,123456
test-100,123456
